{"loss": [0.011677099391818047, 0.00951455719769001, 0.009124421514570713, 0.008657578378915787, 0.00832462776452303, 0.008238861337304115, 0.008052662946283817, 0.00802924670279026, 0.007840446196496487, 0.007880196906626225, 0.007700221613049507, 0.007677723653614521, 0.007634325418621302], "mae": [0.07389700412750244, 0.06754869222640991, 0.0660196915268898, 0.06432007253170013, 0.06310448050498962, 0.06256954371929169, 0.0618242472410202, 0.061574384570121765, 0.06086552143096924, 0.06082795187830925, 0.06023084744811058, 0.06009122356772423, 0.05986056104302406], "val_loss": [0.0016173156909644604, 0.001985573908314109, 0.0015683721285313368, 0.0010641318513080478, 0.0004055920580867678, 0.0003898950817529112, 0.0007278980338014662, 0.00034486924414522946, 0.0010192646877840161, 0.0005495311343111098, 0.0003515402495395392, 0.0009505162597633898, 0.0004914065939374268], "val_mae": [0.03175664320588112, 0.034982338547706604, 0.030746296048164368, 0.025016995146870613, 0.015634234994649887, 0.01398560218513012, 0.020537637174129486, 0.012758003547787666, 0.027149563655257225, 0.019626246765255928, 0.013135620392858982, 0.02479582652449608, 0.015927132219076157]}