{"loss": [0.0634641945362091, 0.04572567343711853, 0.04380939528346062, 0.04270096495747566, 0.04256484657526016, 0.042248062789440155, 0.04251781478524208], "val_loss": [0.0036106545012444258, 0.0015731980092823505, 0.010970275849103928, 0.004286016337573528, 0.008250455372035503, 0.0032972826156765223, 0.0032393713481724262]}