{"loss": [0.04307709261775017, 0.023282060399651527, 0.022753490135073662, 0.021279385313391685, 0.021761281415820122, 0.019941722974181175, 0.019608687609434128, 0.01850179396569729, 0.019895106554031372, 0.01877550035715103, 0.018824752420186996, 0.01971898227930069], "mae": [0.14221352338790894, 0.10923672467470169, 0.10769744962453842, 0.1038595587015152, 0.10363203287124634, 0.10004772990942001, 0.09887336939573288, 0.09646889567375183, 0.09945704787969589, 0.09644710272550583, 0.09669049084186554, 0.09855955094099045], "val_loss": [0.005976854357868433, 0.004431084729731083, 0.004541097208857536, 0.0049994937144219875, 0.008031734265387058, 0.003494301810860634, 0.0029774783179163933, 0.006495778914541006, 0.003352627158164978, 0.0038484300021082163, 0.006182922050356865, 0.008024053648114204], "val_mae": [0.05711696669459343, 0.049219343811273575, 0.05110054090619087, 0.05407474562525749, 0.06959729641675949, 0.04558568820357323, 0.04105479642748833, 0.0597737655043602, 0.04483838751912117, 0.04879436641931534, 0.06199399381875992, 0.07040157169103622]}