{"loss": [0.0244686771184206, 0.019245045259594917, 0.01822427473962307, 0.01746894232928753, 0.016777943819761276, 0.016339316964149475, 0.016498610377311707, 0.015739519149065018, 0.015653293579816818, 0.015611139126121998, 0.015351309441030025, 0.015079106204211712, 0.014924976043403149, 0.015143671073019505], "val_loss": [0.010249899700284004, 0.0015478171408176422, 0.00613128999248147, 0.0013843177584931254, 0.0006969782407395542, 0.0007589770248159766, 0.000893185380846262, 0.001488925307057798, 0.0004963747342117131, 0.0005992839578539133, 0.0032269926741719246, 0.0018704180838540196, 0.001087157754227519, 0.0007305288454517722]}