{"loss": [0.20001578330993652, 0.07019591331481934, 0.0654134452342987, 0.06301629543304443, 0.05937813222408295, 0.05859657749533653, 0.05736877769231796, 0.058120764791965485, 0.05737515538930893, 0.05609738081693649, 0.05509677156805992, 0.056161075830459595, 0.05468607321381569, 0.054832879453897476, 0.05335742607712746, 0.0533892922103405, 0.05340985953807831, 0.05327674373984337, 0.05267143249511719, 0.05333013832569122, 0.05150168016552925, 0.053864751011133194, 0.053123489022254944, 0.052634067833423615, 0.051714349538087845, 0.0532098263502121, 0.05128023773431778, 0.052698809653520584, 0.051314178854227066, 0.0535036064684391, 0.05145890265703201, 0.05252927541732788, 0.05316457524895668, 0.05218842253088951, 0.053170137107372284, 0.05177175998687744], "mae": [0.2918596565723419, 0.20374031364917755, 0.19556577503681183, 0.19172467291355133, 0.18488912284374237, 0.18346373736858368, 0.18172267079353333, 0.18299074470996857, 0.18149304389953613, 0.17964790761470795, 0.17715059220790863, 0.17969822883605957, 0.1766490787267685, 0.17690469324588776, 0.17480747401714325, 0.17472408711910248, 0.17489659786224365, 0.17507733404636383, 0.1739768385887146, 0.17525845766067505, 0.1716403216123581, 0.17613212764263153, 0.1749386489391327, 0.17337530851364136, 0.17198145389556885, 0.17509719729423523, 0.17113608121871948, 0.17387649416923523, 0.1712656021118164, 0.17536672949790955, 0.17160233855247498, 0.17339904606342316, 0.17458005249500275, 0.17363497614860535, 0.17547816038131714, 0.1723087728023529], "val_loss": [0.007553110830485821, 0.0026898302603513002, 0.005988006480038166, 0.009793860837817192, 0.0062127443961799145, 0.009535405784845352, 0.0064706443808972836, 0.0010133354226127267, 0.01747291162610054, 0.002502088900655508, 0.002182560507208109, 0.0015775493811815977, 0.0010643155546858907, 0.0017494813073426485, 0.0019522315124049783, 0.0005244585918262601, 0.0013521863147616386, 0.00587591202929616, 0.0009754083002917469, 0.006838650908321142, 0.0024930997751653194, 0.0018838676624000072, 0.0009648450068198144, 0.002024998189881444, 0.002065738895907998, 0.0004009635595139116, 0.010872124694287777, 0.0006888766074553132, 0.002461544470861554, 0.002592735690996051, 0.005636916030198336, 0.014449960552155972, 0.002054002368822694, 0.004608709830790758, 0.0014977878890931606, 0.006244760472327471], "val_mae": [0.06985091418027878, 0.039781346917152405, 0.06858932226896286, 0.08916953951120377, 0.06902863830327988, 0.08652954548597336, 0.07477797567844391, 0.026801306754350662, 0.12517684698104858, 0.041964009404182434, 0.037743739783763885, 0.03388241305947304, 0.025162244215607643, 0.03677762672305107, 0.03497404232621193, 0.017330190166831017, 0.0310963224619627, 0.07051550596952438, 0.02575395256280899, 0.07157492637634277, 0.03731720522046089, 0.036110758781433105, 0.025780217722058296, 0.03876543417572975, 0.04125230386853218, 0.014622090384364128, 0.10111909359693527, 0.02035703882575035, 0.04294845089316368, 0.0434223897755146, 0.06799352914094925, 0.10097183287143707, 0.03924094885587692, 0.06053771823644638, 0.028163550421595573, 0.06878935545682907]}