{"loss": [0.14869572222232819, 0.04698517546057701, 0.04394076019525528, 0.04244932904839516, 0.04085986688733101, 0.03866657614707947, 0.038234610110521317, 0.03755306452512741, 0.036872588098049164, 0.03711261972784996, 0.036670662462711334, 0.03685343265533447, 0.03549798205494881, 0.0341387540102005, 0.033740267157554626, 0.0345415435731411, 0.03388968110084534, 0.03444335609674454, 0.03303278237581253, 0.03288096934556961, 0.034070953726768494, 0.033550363034009933, 0.03440054506063461, 0.03363663703203201, 0.03711459040641785, 0.03402164578437805, 0.03364265337586403, 0.0337732695043087, 0.03476317226886749, 0.03468123450875282, 0.032616596668958664, 0.035924822092056274, 0.03353123366832733, 0.03347170725464821, 0.03416867554187775, 0.035542942583560944, 0.03602927178144455], "mae": [0.24735139310359955, 0.16964033246040344, 0.16253696382045746, 0.16078095138072968, 0.15745525062084198, 0.15178807079792023, 0.1515447497367859, 0.15003402531147003, 0.14943088591098785, 0.14927799999713898, 0.14873766899108887, 0.14869746565818787, 0.14609499275684357, 0.14382684230804443, 0.14252108335494995, 0.14423492550849915, 0.14331094920635223, 0.14460936188697815, 0.14172247052192688, 0.14095084369182587, 0.14364466071128845, 0.14244000613689423, 0.14456363022327423, 0.14255370199680328, 0.14974579215049744, 0.14373473823070526, 0.14250548183918, 0.14254631102085114, 0.14366143941879272, 0.14445294439792633, 0.13990142941474915, 0.14741148054599762, 0.14159807562828064, 0.14138270914554596, 0.14326412975788116, 0.1456613838672638, 0.14594273269176483], "val_loss": [0.008239641785621643, 0.0018002366414293647, 0.0034642876125872135, 0.025831343606114388, 0.004251467529684305, 0.004640796221792698, 0.0010987389832735062, 0.004969303961843252, 0.0026104021817445755, 0.002489146078005433, 0.0010595011990517378, 0.0013411383843049407, 0.0011435621418058872, 0.0016018410678952932, 0.0029132163617759943, 0.004713577684015036, 0.0031192428432404995, 0.0010631445329636335, 0.0008242531912401319, 0.0005395436892285943, 0.003370014252141118, 0.0012768334709107876, 0.0020828533452004194, 0.0006299246451817453, 0.0017268385272473097, 0.005132290069013834, 0.0004298707644920796, 0.0023933956399559975, 0.0008913057390600443, 0.0005476915393956006, 0.0015713343163952231, 0.0005487673333846033, 0.0008089055772870779, 0.000977689283899963, 0.0018466213950887322, 0.0016943711088970304, 0.00078723079059273], "val_mae": [0.07353165745735168, 0.03198588266968727, 0.04987664520740509, 0.13925570249557495, 0.058034028857946396, 0.05718303099274635, 0.02670188620686531, 0.056926850229501724, 0.0446380078792572, 0.04300853982567787, 0.027156561613082886, 0.02622791938483715, 0.027831679210066795, 0.03478379175066948, 0.05013252794742584, 0.06066567450761795, 0.04905295744538307, 0.02614082582294941, 0.023160606622695923, 0.01747940666973591, 0.04973139986395836, 0.029884492978453636, 0.03551984578371048, 0.01924963854253292, 0.035010747611522675, 0.0627470538020134, 0.014985970221459866, 0.04187368229031563, 0.022570012137293816, 0.017195556312799454, 0.03465254232287407, 0.01694638840854168, 0.021199369803071022, 0.025666844099760056, 0.03370938077569008, 0.03432784229516983, 0.0219426229596138]}