{"loss": [0.04329853877425194, 0.030948560684919357, 0.029528478160500526, 0.02900371141731739, 0.0281277596950531, 0.02862633764743805], "val_loss": [0.0018203789368271828, 0.007295558694750071, 0.016772346571087837, 0.0037765472661703825, 0.009467060677707195, 0.0021342129912227392]}