{"loss": [0.0424811877310276, 0.030747978016734123, 0.029850728809833527, 0.029430363327264786, 0.029390424489974976, 0.02909565158188343, 0.028582854196429253, 0.02838091552257538], "val_loss": [0.005826061125844717, 0.0011710571125149727, 0.0007265601307153702, 0.010346603579819202, 0.003500968450680375, 0.010846270248293877, 0.001129262731410563, 0.0030003683641552925]}