{"loss": [0.023901687934994698, 0.018081340938806534, 0.017380014061927795, 0.016855567693710327, 0.01608910784125328, 0.015895767137408257, 0.01562047190964222, 0.015076765790581703, 0.01488975528627634], "val_loss": [0.010608213022351265, 0.0011472622863948345, 0.0011251027463003993, 0.0007183279376477003, 0.00447170389816165, 0.002720095217227936, 0.001361366594210267, 0.0011534203076735139, 0.001086921663954854]}