{"loss": [0.02358732372522354, 0.018028246238827705, 0.017400866374373436, 0.01662639155983925, 0.016573714092373848, 0.016015615314245224, 0.015446449629962444, 0.015371625311672688, 0.015210551209747791, 0.014792713336646557, 0.014506402425467968, 0.01455471571534872, 0.014388065785169601], "val_loss": [0.003260325873270631, 0.0021441453136503696, 0.0006883575697429478, 0.005703195463865995, 0.0015627652173861861, 0.0010502970544621348, 0.003947990480810404, 0.0002905722358264029, 0.0003833080700132996, 0.0008498879615217447, 0.0009213924640789628, 0.002061767503619194, 0.0009771642507985234]}