{"loss": [0.03183610364794731, 0.020000392571091652, 0.018602445721626282, 0.018237385898828506, 0.0179369505494833, 0.017372677102684975, 0.01748536340892315, 0.017245065420866013, 0.016734078526496887, 0.01689831353724003, 0.017082754522562027, 0.016422750428318977, 0.01640089973807335, 0.016216332092881203, 0.016906337812542915, 0.016212012618780136, 0.01599951833486557], "mae": [0.11388278752565384, 0.0943375676870346, 0.09041339159011841, 0.0893431156873703, 0.08838851004838943, 0.08733230829238892, 0.08690989762544632, 0.08658622205257416, 0.08518408238887787, 0.08532775193452835, 0.08579201996326447, 0.08388444781303406, 0.08370759338140488, 0.08327359706163406, 0.08434075117111206, 0.08312997967004776, 0.08257102221250534], "val_loss": [0.006483486387878656, 0.0035527178552001715, 0.0059730978682637215, 0.0026699264999479055, 0.0024970939848572016, 0.0021126847714185715, 0.00401835422962904, 0.0019086035899817944, 0.0020868019200861454, 0.0013977809576317668, 0.001834785332903266, 0.0013964695390313864, 0.0014603760791942477, 0.00337788718752563, 0.00288278772495687, 0.001819622702896595, 0.002376771066337824], "val_mae": [0.06230899319052696, 0.04543597251176834, 0.05696121230721474, 0.03788961470127106, 0.03608895465731621, 0.033940576016902924, 0.048376210033893585, 0.03278129920363426, 0.035125259310007095, 0.02271963842213154, 0.03402538597583771, 0.026844818145036697, 0.027310479432344437, 0.048623502254486084, 0.04330987110733986, 0.028649210929870605, 0.03799119591712952]}