{"loss": [0.027220135554671288, 0.02017284370958805, 0.019776340574026108, 0.01880623772740364, 0.018444059416651726, 0.01843550242483616, 0.017206748947501183], "val_loss": [0.004011122509837151, 0.001374626881442964, 0.0015708518913015723, 0.004414764698594809, 0.01677965745329857, 0.004892915952950716, 0.007726754993200302]}